{"mean": -58.9494488318112, "std": 22.78648908898953, "n_mels": 64, "sr": 22050, "n_fft": 2048, "hop_length": 200}